{
  "3_PEAK": [
    {
      "id": "73f77930-6066-4178-9167-5aed72393411",
      "phase": "peak",
      "feature": [
        "shoulder_elbow_wrist_l",
        "shoulder_elbow_wrist_r"
      ],
      "message": "Flaring elbows out to the sides"
    },
    {
      "id": "6d6c1556-5d75-4ca5-9953-8e948f7472be",
      "phase": "peak",
      "feature": [
        "hyperextension_elbow_l",
        "hyperextension_elbow_r"
      ],
      "message": "Flaring elbows out too wide"
    }
  ],
  "1_READY": [
    {
      "id": "a447b194-ce25-4fa6-806a-d520ab739a71",
      "phase": "ready",
      "feature": [
        "elbow_wrist_index_l",
        "elbow_wrist_index_r"
      ],
      "message": "Form a diamond with your index fingers and thumbs"
    }
  ]
}