{
  "1_READY_R": [
    {
      "id": "6bec80f9-535a-4dc6-a522-9e88eeeab5f6",
      "phase": "ready",
      "feature": [
        "torso_bend",
        "temporal_consistency",
        "torso_twist_ratio"
      ],
      "message": "Keep your torso upright and core engaged throughout the movement."
    },
    {
      "id": "37c53aaf-671d-4605-8543-82e592b3c6a6",
      "phase": "ready",
      "feature": [
        "hyperextension_knee_l",
        "hyperextension_knee_r"
      ],
      "message": "Allowing the front knee to track too far past the toes."
    },
    {
      "id": "b6b9f4fa-7dfb-4361-afef-5a9fdbff973c",
      "phase": "ready",
      "feature": [
        "spine_curvature",
        "torso_neck_angle"
      ],
      "message": "Leaning the upper body too far forward, shifting tension away from the glutes."
    }
  ]
}