{
  "classes": [
    "1_READY_L",
    "1_READY_R",
    "2_IDLE",
    "3_DOWN_L",
    "3_DOWN_R",
    "4_PEAK_L",
    "4_PEAK_R",
    "5_UP_L",
    "5_UP_R",
    "6_UP",
    "7_ASCENDING BACK TO START.",
    "8_READY",
    "9_IDLE_2",
    "ERROR_ERROR"
  ],
  "num_classes": 14,
  "input_shape": [
    1,
    30,
    33,
    3
  ],
  "input_name": "landmarks",
  "feature_set": "strength_legs",
  "countingMode": "ALTERNATING_PER_SIDE",
  "triggerPhase": "PEAK",
  "class_phases": {
    "1_READY_R": "READY",
    "3_DOWN_R": "MOVEMENT",
    "4_PEAK_R": "PEAK",
    "5_UP_R": "MOVEMENT",
    "7_ASCENDING BACK TO START.": "MOVEMENT",
    "8_READY": "READY",
    "9_IDLE_2": "READY"
  },
  "runtime": "onnxruntime-mobile",
  "opset_version": 18
}