{
  "classes": [
    "1_READY_L",
    "1_READY_R",
    "2_DOWN_L",
    "2_DOWN_R",
    "3_PEAK_L",
    "3_PEAK_R",
    "4_UP_L",
    "4_UP_R",
    "ERROR_ERROR"
  ],
  "num_classes": 9,
  "input_shape": [
    1,
    30,
    33,
    3
  ],
  "input_name": "landmarks",
  "feature_set": "strength_legs",
  "countingMode": "ALTERNATING_PER_SIDE",
  "triggerPhase": "PEAK",
  "class_phases": {
    "1_READY_R": "READY",
    "2_DOWN_R": "MOVEMENT",
    "3_PEAK_R": "PEAK",
    "4_UP_R": "MOVEMENT"
  },
  "runtime": "onnxruntime-mobile",
  "opset_version": 18
}