{
  "2_DOWN": [
    {
      "id": "5ece786f-cbf7-4328-81b5-0bd02655ed1f",
      "phase": "peak",
      "feature": [
        "hyperextension_knee_l",
        "hyperextension_knee_r"
      ],
      "message": "Knees caving in"
    },
    {
      "id": "eefbab3f-7597-4b46-8793-1163c5cd725d",
      "phase": "peak",
      "feature": [
        "torso_bend",
        "spine_curvature"
      ],
      "message": "Rounding the back"
    },
    {
      "id": "3aefda5b-89b3-4320-8348-b9878b556d4c",
      "phase": "peak",
      "feature": [
        "CHEST_MAJOR"
      ],
      "message": "Keep your chest up"
    },
    {
      "id": "270d0f9a-1136-4b5a-9db1-7594a9e14cb1",
      "phase": "peak",
      "feature": [
        "hip_abduction",
        "hip_ankle_y_diff"
      ],
      "message": "Shallow depth"
    }
  ]
}