{
  "classes": [
    "10_PREPARING FOR THE FINAL REPETITION IN THIS SEQUENCE.",
    "1_READY",
    "2_DOWN",
    "3_PEAK",
    "4_UP",
    "5_PAUSE AT THE TOP.",
    "6_SHORT PAUSE, PREPARING FOR THE NEXT REP.",
    "7_LOWERING INTO THE SQUAT.",
    "8_THE LOWEST POINT OF THE SQUAT.",
    "9_ASCENDING BACK TO THE STARTING POSITION.",
    "ERROR_ERROR"
  ],
  "num_classes": 11,
  "input_shape": [
    1,
    30,
    33,
    3
  ],
  "input_name": "landmarks",
  "feature_set": "strength_legs",
  "countingMode": "SEQUENTIAL",
  "triggerPhase": "PEAK",
  "class_phases": {
    "2_DOWN": "MOVEMENT",
    "3_PEAK": "PEAK",
    "4_UP": "MOVEMENT",
    "1_READY": "READY",
    "ERROR_ERROR": "MOVEMENT",
    "6_SHORT PAUSE, PREPARING FOR THE NEXT REP.": "READY",
    "7_LOWERING INTO THE SQUAT.": "MOVEMENT",
    "8_THE LOWEST POINT OF THE SQUAT.": "PEAK",
    "9_ASCENDING BACK TO THE STARTING POSITION.": "MOVEMENT",
    "10_PREPARING FOR THE FINAL REPETITION IN THIS SEQUENCE.": "READY"
  },
  "runtime": "onnxruntime-mobile",
  "opset_version": 18
}