{
  "Ready": [
    {
      "id": "21031dd4-1990-4fd0-a06b-db96ebcd208a",
      "phase": "peak",
      "feature": [
        "shoulder_hip_knee_l",
        "shoulder_hip_knee_r"
      ],
      "message": "Sagging hips toward the floor"
    },
    {
      "id": "0d5f5a4b-f386-4142-92b2-8059cbc09ace",
      "phase": "peak",
      "feature": [
        "pelvic_tilt",
        "torso_twist_ratio",
        "torso_shin_parallelism",
        "spine_curvature"
      ],
      "message": "Keep your body in a straight line from head to heels"
    }
  ]
}