{
  "1_READY": [
    {
      "id": "834454e0-926c-4557-8e52-48c01a870a56",
      "phase": "peak",
      "feature": [
        "pelvic_tilt",
        "shoulder_hip_knee_l",
        "shoulder_hip_knee_r"
      ],
      "message": "Lifting the leg too high, causing the pelvis to tilt"
    },
    {
      "id": "d8019b01-f7f4-44dd-b6d0-495f00728a4c",
      "phase": "ready",
      "feature": [
        "torso_shin_parallelism",
        "hip_shoulder_elbow_l",
        "hip_shoulder_elbow_r",
        "hip_knee_ankle_l",
        "hip_knee_ankle_r"
      ],
      "message": "Maintain a neutral spine and gaze towards the floor"
    },
    {
      "id": "ffb6e72c-46e4-4ba5-8504-230c9dc7d56c",
      "phase": "peak",
      "feature": [
        "hyperextension_elbow_l",
        "hyperextension_elbow_r",
        "hyperextension_knee_l",
        "hyperextension_knee_r"
      ],
      "message": "Extend the opposite arm and leg until they are parallel to the floor"
    }
  ]
}