{
  "classes": [
    "1_READY",
    "2_EXTEND_L",
    "2_EXTEND_R",
    "3_PEAK_L",
    "3_PEAK_R",
    "4_RETURN_L",
    "4_RETURN_R"
  ],
  "num_classes": 7,
  "input_shape": [
    1,
    30,
    33,
    4
  ],
  "input_name": "landmarks",
  "feature_set": "mat_precision",
  "countingMode": "ALTERNATING_PER_SIDE",
  "triggerPhase": "PEAK",
  "class_phases": {
    "1_READY": "READY",
    "2_EXTEND_R": "MOVEMENT",
    "3_PEAK_R": "PEAK",
    "4_RETURN_R": "MOVEMENT",
    "2_EXTEND_L": "MOVEMENT",
    "3_PEAK_L": "PEAK",
    "4_RETURN_L": "MOVEMENT"
  },
  "runtime": "onnxruntime-mobile",
  "opset_version": 18
}