{
  "1_READY": [
    {
      "id": "964644e3-211d-46ac-a240-400c5e509666",
      "phase": "ready",
      "feature": [
        "temporal_consistency",
        "torso_bend"
      ],
      "message": "Holding the breath"
    },
    {
      "id": "971a01eb-91bc-4cd8-bf80-f4ed424d4d10",
      "phase": "peak",
      "feature": [
        "spine_curvature"
      ],
      "message": "Keep your head in line with your spine"
    },
    {
      "id": "0c855345-58c9-48be-9f4c-7a9d8711a9bd",
      "phase": "peak",
      "feature": [
        "General"
      ],
      "message": "Engage your obliques to lift your hips into a straight line"
    },
    {
      "id": "7b0b1f18-2c6b-477b-9cab-5b09934ab01b",
      "phase": "peak",
      "feature": [
        "shoulder_hip_knee_l",
        "shoulder_hip_knee_r"
      ],
      "message": "Sagging hips"
    },
    {
      "id": "fbcb0224-3e6b-477e-a26d-176c1ace2a49",
      "phase": "peak",
      "feature": [
        "torso_twist_ratio",
        "torso_verticality"
      ],
      "message": "Rotating the upper torso forward or backward"
    }
  ]
}