{
  "1_READY": [
    {
      "id": "776ad409-9c75-4ee0-ad21-47ba13825798",
      "phase": "ready",
      "feature": [
        "pelvic_tilt",
        "torso_neck_angle",
        "torso_twist_ratio"
      ],
      "message": "Maintain a straight line from head to heels"
    },
    {
      "id": "507923ad-a5cb-4cb5-8a5c-cabd1d0cd597",
      "phase": "peak",
      "feature": [
        "shoulder_elbow_wrist_l",
        "shoulder_elbow_wrist_r",
        "hip_shoulder_elbow_l",
        "hip_shoulder_elbow_r"
      ],
      "message": "Elbows flaring too wide"
    },
    {
      "id": "6b8901be-3c4d-42c3-8fc3-a9cfec83d12f",
      "phase": "peak",
      "feature": [
        "torso_shin_parallelism",
        "torso_twist_ratio"
      ],
      "message": "Sagging hips"
    }
  ]
}