{
  "1_READY": [
    {
      "id": "1d7e58de-05f8-42f4-9b58-aa5ba99c1fd5",
      "phase": "peak",
      "feature": [
        "hip_knee_ankle_l",
        "hip_knee_ankle_r"
      ],
      "message": "Knee collapsing inward"
    },
    {
      "id": "c7edf784-2b5d-42d9-a140-0272ec359060",
      "phase": "peak",
      "feature": [
        "spine_curvature"
      ],
      "message": "Rounding the lower back"
    },
    {
      "id": "e16a35d7-d5fc-4288-96c3-ed9e73450a76",
      "phase": "ready",
      "feature": [
        "torso_bend",
        "torso_neck_angle"
      ],
      "message": "Keep your chest upright and spine neutral"
    },
    {
      "id": "b5216e7f-a076-45d4-884e-5784db721613",
      "phase": "peak",
      "feature": [
        "shoulder_hip_knee_l",
        "shoulder_hip_knee_r"
      ],
      "message": "Push your hips back as you lower down"
    }
  ]
}