{
  "classes": [
    "1_READY",
    "2_DOWN_L",
    "2_DOWN_R",
    "3_PEAK_L",
    "3_PEAK_R",
    "4_RETURN_L",
    "4_RETURN_R",
    "ERROR_ERROR_DOWN"
  ],
  "num_classes": 8,
  "input_shape": [
    1,
    30,
    33,
    3
  ],
  "input_name": "landmarks",
  "feature_set": "strength_legs",
  "countingMode": "ALTERNATING_FULL_CYCLE",
  "triggerPhase": "PEAK",
  "class_phases": {
    "1_READY": "READY",
    "2_DOWN_R": "MOVEMENT",
    "3_PEAK_R": "PEAK",
    "4_RETURN_R": "MOVEMENT",
    "2_DOWN_L": "MOVEMENT",
    "3_PEAK_L": "PEAK",
    "4_RETURN_L": "MOVEMENT",
    "ERROR_ERROR_DOWN": "ERROR"
  },
  "runtime": "onnxruntime-mobile",
  "opset_version": 18
}