{
  "1_READY": [
    {
      "id": "888afe42-4724-487e-b59a-107d59418656",
      "phase": "peak",
      "feature": [
        "knee_valgus_l",
        "knee_valgus_r"
      ],
      "message": "Knees caving inward (valgus)"
    },
    {
      "id": "773263a1-f985-463d-acee-be370cd73e79",
      "phase": "peak",
      "feature": [
        "torso_bend",
        "spine_curvature"
      ],
      "message": "Keep your chest up and core engaged"
    },
    {
      "id": "85852669-cbb8-4c06-845b-1f9143b356bf",
      "phase": "peak",
      "feature": [
        "torso_shin_parallelism",
        "shoulder_hip_knee_l",
        "shoulder_hip_knee_r"
      ],
      "message": "Sit back as if sitting into a chair"
    },
    {
      "id": "17ffab5b-7896-4607-b95b-dabf82331df0",
      "phase": "peak",
      "feature": [
        "knee_ankle_foot_l",
        "knee_ankle_foot_r"
      ],
      "message": "Drive through your heels"
    },
    {
      "id": "323db032-6189-4349-9b65-11d09d7b0161",
      "phase": "ready",
      "feature": [
        "spine_curvature",
        "hip_knee_ankle_l",
        "knee_ankle_foot_r"
      ],
      "message": "Stand all the way up!"
    }
  ]
}