{
  "ERROR_FOOTPOSITION": [
    {
      "id": "74d8d10b-63dc-4ae0-88b3-23eb2cb14e21",
      "phase": "peak",
      "feature": [
        "torso_shin_parallelism",
        "pelvic_tilt"
      ],
      "message": "Arching the lower back excessively at the peak"
    },
    {
      "id": "d7be78e9-a487-4a72-9bbc-22aba5194158",
      "phase": "ready",
      "feature": [
        "hip_knee_ankle_l",
        "hip_knee_ankle_r",
        "shoulder_hip_knee_l",
        "shoulder_hip_knee_r"
      ],
      "message": "Drive through your heels to lift your hips"
    },
    {
      "id": "6c284eb1-d51b-4e12-87e9-36548dbd985b",
      "phase": "peak",
      "feature": [
        "spine_curvature"
      ],
      "message": "Keep your ribs tucked and core engaged to protect the lower back"
    }
  ]
}