{
  "classes": [
    "1_READY",
    "2_UP",
    "3_PEAK",
    "4_LANDING",
    "ERROR_FOOTPOSITION"
  ],
  "num_classes": 5,
  "input_shape": [
    1,
    30,
    33,
    4
  ],
  "input_name": "landmarks",
  "feature_set": "mat_precision",
  "countingMode": "SEQUENTIAL",
  "triggerPhase": "PEAK",
  "class_phases": {
    "ERROR_FOOTPOSITION": "ERROR",
    "1_READY": "READY",
    "2_UP": "MOVEMENT",
    "3_PEAK": "PEAK",
    "4_LANDING": "MOVEMENT"
  },
  "runtime": "onnxruntime-mobile",
  "opset_version": 18
}